Student_ID,Phone_Number
1,1098234567
1,1156789432
1,1276543210
2,1023456789
3,1545678901
3,1698765432
3,1734567890
4,1087654321
4,1534567891
5,1123456789
5,1656789012
6,1298765432
7,1034567890
7,1578901234
7,1645678901
8,1112345678
8,1567890123
8,1634567890
9,1245678901
10,1089012345
10,1556789012
11,1167890123
12,1278901234
12,1645789012
13,1034589012
14,1123456790
14,1567890124
14,1634567891
15,1245678902
15,1089012346
15,1556789013
16,1167890124
16,1278901235
17,1034589013
18,1123456791
18,1567890125
18,1634567892
19,1245678903
20,1089012347
20,1556789014
20,1167890125
21,1278901236
21,1034589014
22,1123456792
22,1567890126
22,1634567893
23,1245678904
24,1089012348
24,1556789015
25,1167890126
26,1278901237
27,1034589015
27,1123456793
28,1567890127
29,1634567894
29,1245678905
29,1089012349
30,1556789016
30,1167890127
30,1278901238
31,1034589016
31,1123456794
32,1567890128
32,1634567895
33,1245678906
34,1089012350
34,1556789017
35,1167890128
35,1278901239
36,1034589017
36,1123456795
36,1567890129
37,1634567896
37,1245678907
37,1089012351
38,1556789018
38,1167890129
38,1278901240
39,1034589018
39,1123456796
39,1567890130
40,1634567897
40,1245678908
40,1089012352
41,1556789019
41,1167890130
42,1278901241
43,1034589019
43,1123456797
44,1567890131
45,1634567898
45,1245678909
46,1089012353
46,1556789020
46,1167890131
47,1278901242
47,1034589020
47,1123456798
48,1567890132
48,1634567899
48,1245678910
49,1089012354
49,1556789021
49,1167890132
50,1278901243
51,1034589021
51,1123456799
51,1567890133
52,1634567900
52,1245678911
52,1089012355
53,1556789022
53,1167890133
53,1278901244
54,1034589022
54,1123456800
54,1567890134
55,1634567901
56,1245678912
57,1089012356
58,1556789023
58,1167890134
59,1278901245
60,1034589023
60,1123456801
60,1567890135
61,1634567902
61,1245678913
62,1089012357
62,1556789024
63,1167890135
63,1278901246
63,1034589024
64,1123456802
64,1567890136
64,1634567903
65,1245678914
65,1089012358
66,1556789025
67,1167890136
68,1278901247
68,1034589025
68,1123456803
69,1567890137
70,1634567904
70,1245678915
71,1089012359
72,1556789026
73,1167890137
73,1278901248
73,1034589026
74,1123456804
74,1567890138
75,1634567905
75,1245678916
76,1089012360
77,1556789027
78,1167890138
78,1278901249
78,1034589027
79,1123456805
79,1567890139
79,1634567906
80,1245678917
80,1089012361
80,1556789028
81,1167890139
82,1278901250
83,1034589028
83,1123456806
83,1567890140
84,1634567907
84,1245678918
84,1089012362
85,1556789029
85,1167890140
86,1278901251
87,1034589029
88,1123456807
88,1567890141
88,1634567908
89,1245678919
90,1089012363
90,1556789030
91,1167890141
91,1278901252
91,1034589030
92,1123456808
92,1567890142
92,1634567909
93,1245678920
93,1089012364
93,1556789031
94,1167890142
95,1278901253
95,1034589031
95,1123456809
96,1567890143
96,1634567910
97,1245678921
98,1089012365
99,1556789032
100,1167890143
100,1278901254
100,1034589032
101,1123456810
102,1567890144
102,1634567911
102,1245678922
103,1089012366
103,1556789033
104,1167890144
104,1278901255
105,1034589033
106,1123456811
106,1567890145
106,1634567912
107,1245678923
107,1089012367
107,1556789034
108,1167890145
108,1278901256
109,1034589034
109,1123456812
109,1567890146
110,1634567913
110,1245678924
111,1089012368
111,1556789035
112,1167890146
112,1278901257
113,1034589035
113,1123456813
114,1567890147
114,1634567914
115,1245678925
116,1089012369
116,1556789036
117,1167890147
118,1278901258
119,1034589036
119,1123456814
119,1567890148
120,1634567915
120,1245678926
120,1089012370
121,1556789037
122,1167890148
122,1278901259
123,1034589037
123,1123456815
124,1567890149
124,1634567916
124,1245678927
125,1089012371
126,1556789038
126,1167890149
127,1278901260
128,1034589038
128,1123456816
129,1567890150
129,1634567917
130,1245678928
130,1089012372
130,1556789039
131,1167890150
132,1278901261
133,1034589039
133,1123456817
133,1567890151
134,1634567918
134,1245678929
134,1089012373
135,1556789040
135,1167890151
136,1278901262
136,1034589040
136,1123456818
137,1567890152
137,1634567919
138,1245678930
138,1089012374
138,1556789041
139,1167890152
139,1278901263
140,1034589041
141,1123456819
141,1567890153
142,1634567920
142,1245678931
143,1089012375
144,1556789042
145,1167890153
145,1278901264
146,1034589042
146,1123456820
147,1567890154
147,1634567921
147,1245678932
148,1089012376
148,1556789043
149,1167890154
149,1278901265
150,1034589043
151,1123456821
151,1567890155
152,1634567922
153,1245678933
153,1089012377
154,1556789044
154,1167890155
154,1278901266
155,1034589044
156,1123456822
156,1567890156
156,1634567923
157,1245678934
157,1089012378
158,1556789045
159,1167890156
159,1278901267
160,1034589045
160,1123456823
161,1567890157
161,1634567924
161,1245678935
162,1089012379
163,1556789046
164,1167890157
164,1278901268
164,1034589046
165,1123456824
165,1567890158
166,1634567925
166,1245678936
167,1089012380
167,1556789047
168,1167890158
169,1278901269
169,1034589047
170,1123456825
170,1567890159
170,1634567926
171,1245678937
172,1089012381
173,1556789048
173,1167890159
173,1278901270
174,1034589048
174,1123456826
175,1567890160
175,1634567927
175,1245678938
176,1089012382
176,1556789049
177,1167890160
177,1278901271
178,1034589049
178,1123456827
179,1567890161
179,1634567928
179,1245678939
180,1089012383
180,1556789050
180,1167890161
181,1278901272
181,1034589050
181,1123456828
182,1567890162
182,1634567929
183,1245678940
183,1089012384
183,1556789051
184,1167890162
184,1278901273
185,1034589051
185,1123456829
186,1567890163
186,1634567930
187,1245678941
188,1089012385
188,1556789052
189,1167890163
190,1278901274
190,1034589052
190,1123456830
191,1567890164
191,1634567931
191,1245678942
192,1089012386
192,1556789053
192,1167890164
193,1278901275
193,1034589053
193,1123456831
194,1567890165
195,1634567932
195,1245678943
196,1089012387
197,1556789054
198,1167890165
198,1278901276
199,1034589054
